Nxx;Nyy;Nxy
-2413.296907;-607.7742813;291.4421719
-1519.608782;-40.73650282;-29.92987
-449.3331657;2.895585875;-61.9424675
-448.0527;30.94180938;-176.9550282
-1474.017625;-155.11935;-209.19045
-2782.680688;-715.9270563;-126.925025
-2831.122375;-585.6141344;22.45525632
-1670.365469;-65.81947625;-324.7937532
-531.508325;7.985139375;-284.7068688
