Nxx;Nyy;Nxy
-2462.8325;-494.6904;264.13025
-1529.8405;-65.414485;-46.16993
-491.62675;24.003485;-56.09255
-495.5003;39.11819;-195.91985
-1576.782;-131.0636;-196.2972
-2683.308;-677.1019;-138.3912
-2816.252;-607.30925;17.985925
-1608.4245;-3.82192;-315.04625
-510.356;0.33321;-294.2323
