Nxx;Nyy;Nxy
-2565.24025;-539.12045;291.685275
-1544.93025;-54.3595825;-46.31744
-466.657925;10.488321;-62.27252
-477.6749;31.295655;-192.562325
-1533.806;-121.3626;-202.1761
-2559.9345;-741.61695;-138.3575
-2874.213;-599.194775;41.7496525
-1575.75575;-44.5796;-318.663425
-485.7186;5.840405;-292.61545
