Nxx;Nyy;Nxy
-2490.364625;-572.743225;287.5309875
-1532.191125;-45.65211125;-36.84359
-467.4612625;12.9692155;-62.92518
-462.6459;21.7292475;-190.9570125
-1515.3185;-122.9267;-200.9599
-2697.16875;-719.800825;-132.3251
-2868.8765;-602.7234375;30.14941125
-1614.706875;-33.143195;-322.0624125
-499.6602;-3.7300025;-285.643175
