Nxx;Nyy;Nxy
-2407.252813;-555.7885625;279.3550438
-1490.087563;-58.02770563;-30.58723
-442.3037313;12.47222775;-56.159615
-469.4935;33.24667875;-176.2953563
-1530.00525;-156.1212;-204.6965
-2867.490375;-686.5345125;-133.95655
-2820.46475;-598.4784688;16.18323263
-1649.507938;-50.1969325;-327.4120063
-526.84395;8.07810875;-291.5726375
