Nxx;Nyy;Nxy
-2438.202875;-527.5001;280.4371438
-1427.891094;-63.01893188;-45.8909475
-427.2052407;11.55627278;-54.60358188
-459.1872719;14.84858307;-179.0744813
-1561.650625;-146.1359782;-196.6979688
-2673.542469;-678.6546594;-139.2496782
-2937.695;-581.4551094;29.184305
-1634.495532;-51.88089125;-314.3369
-526.4152813;-2.817041875;-281.5539219
