Nxx;Nyy;Nxy
-2528.5305;-508.396;281.591875
-1471.617375;-79.6113175;-53.39348
-425.9323625;23.9587991;-53.3870075
-506.2616875;30.13678625;-180.756025
-1548.9465;-147.2390125;-206.895775
-2655.851875;-665.6198375;-144.9952125
-2854.594;-565.9421375;19.99758
-1623.818125;-65.568165;-315.5495
-502.060625;11.2937735;-287.4167875
