Nxx;Nyy;Nxy
-2493.33;-546.2447;280.21375
-1454.42975;-38.973335;-53.5166
-439.371425;11.0665782;-53.699125
-518.550675;33.4736125;-179.77105
-1556.796;-151.237425;-198.64755
-2568.41375;-649.923175;-133.984325
-2952.804;-555.459275;21.74665
-1642.23325;-46.89317;-299.7849
-493.16695;4.247907;-292.297375
