Nxx;Nyy;Nxy
-2440.41675;-507.234;277.3941875
-1419.799188;-82.71455375;-44.888125
-415.6415813;18.79406955;-52.61879375
-473.2512438;16.54393613;-180.4943625
-1595.03025;-144.0524563;-198.2260375
-2773.969938;-653.2783188;-145.2508563
-2846.258;-598.1639188;21.35961
-1605.808063;-54.5185925;-326.1901
-519.6008625;7.16836625;-282.2308438
