Nxx;Nyy;Nxy
-2528.625;-483.1801;263.8835
-1476.6965;-56.42193;-58.34766
-471.29935;22.087175;-52.56254
-507.78845;32.937445;-186.6096
-1587.447;-132.76225;-201.541
-2595.5875;-641.11505;-150.88315
-2824.639;-559.98575;7.29211
-1634.0635;-32.50006;-304.9498
-510.6585;0.292345;-295.22245
