Nxx;Nyy;Nxy
-2493.668;-458.8812;227.8735
-1549.215;-40.49991;-58.99711
-519.5806;32.05749;-58.08591
-511.6174;45.76508;-200.9313
-1578.64;-109.948;-198.7227
-2618.327;-577.9686;-132.1423
-2772.138;-514.0482;-19.7716
-1593.022;-23.42064;-304.4549
-533.4086;19.47225;-296.5969
